ASDASD,1500,1,No deadline,wednesday,MEDIUM,No notes,8,false,false
123,1100,1,No deadline,18-11-2020,MEDIUM,No notes,9,false,false
123,1100,1,No deadline,18-11-2020,MEDIUM,No notes,10,false,false
123,1100,1,No deadline,18-11-2020,MEDIUM,No notes,11,false,false
 ASD1231 12@,0800,1,26-11-2029,18-11-2020,LOW,I need help,15,false,false
 ASD1231 12@,0800,1,26-11-2029,18-11-2020,LOW,I need help,16,false,false
 ASD1231 12@,2300,1,26-11-2029,18-11-2020,LOW,I need help,17,false,false
 ASD1231 12@,2300,1,26-11-2029,18-11-2020,LOW,I need help,18,false,false
 ASD1231 12@,2300,1,26-11-2029,18-11-2020,LOW,I need help,19,false,false
 ASD1231 12@,1700,1,26-11-2029,18-11-2020,LOW,I need help,20,false,false
 ASD1231 12@,1700,1,26-11-2029,18-11-2020,LOW,I need help,21,false,false
 ASD1231 12@,1700,1,26-11-2029,18-11-2020,LOW,I need help,22,false,false
 ASD1231 12@,1700,1,26-11-2029,18-11-2020,LOW,I need help,23,false,false
 ASD1231 12@,2300,1,26-11-2029,18-11-2020,LOW,I need help,24,false,false
 ASD1231 12@,2300,1,26-11-2029,18-11-2020,LOW,I need help,25,false,false
 ASD1231 12@,2300,1,26-11-2029,18-11-2020,LOW,I need help,26,false,false
 ASD1231 12@,2300,1,26-11-2029,18-11-2020,LOW,I need help,27,false,false
 ASD1231 12@,2300,1,26-11-2029,18-11-2020,LOW,I need help,28,false,false
 ASD1231 12@,2300,1,26-11-2029,18-11-2020,LOW,I need help,29,false,false
 ASD1231 12@,2300,1,26-11-2029,18-11-2020,LOW,I need help,30,false,false
