helpme,0800,1,No deadline,13-11-2020,MEDIUM,No notes,1,true,false
asd]c}as]c}saa,0900,1,No deadline,13-11-2020,MEDIUM,No notes,2,true,false
 gsduiahd 1!@!@#!@#!*(HJ A)(S,1000,1,No deadline,13-11-2020,MEDIUM,No notes,3,true,false
123/r12,1100,1,No deadline,13-11-2020,MEDIUM,No notes,4,true,false
 ASD1231 12@,,1231,26-11-2029,13-11-2020,LOW,I need help,5,false,true
 2,0800,1,No deadline,18-11-2020,MEDIUM,No notes,6,false,true
1,0900,1,No deadline,18-11-2020,MEDIUM,No notes,7,false,true
6,1000,1,No deadline,18-11-2020,MEDIUM,No notes,8,false,true
1,1100,1,No deadline,18-11-2020,MEDIUM,No notes,9,false,true
1,1200,1,No deadline,18-11-2020,MEDIUM,No notes,10,false,true
1,1300,1,No deadline,18-11-2020,MEDIUM,No notes,11,false,true
1,1400,1,No deadline,18-11-2020,MEDIUM,No notes,12,false,true
1,1500,1,No deadline,18-11-2020,MEDIUM,No notes,13,false,true
1,1600,1,No deadline,18-11-2020,MEDIUM,No notes,14,false,true
1,1700,1,No deadline,18-11-2020,MEDIUM,No notes,15,false,true
1,1800,1,No deadline,18-11-2020,MEDIUM,No notes,16,false,true
1,1900,1,No deadline,18-11-2020,MEDIUM,No notes,17,false,true
1,2000,1,No deadline,18-11-2020,MEDIUM,No notes,18,false,true
1,2100,1,No deadline,18-11-2020,MEDIUM,No notes,19,false,true
1,0800,1,No deadline,19-11-2020,MEDIUM,No notes,20,false,true
1,0900,1,No deadline,19-11-2020,MEDIUM,No notes,21,false,true
1,1000,1,No deadline,19-11-2020,MEDIUM,No notes,22,false,true
1,1100,1,No deadline,19-11-2020,MEDIUM,No notes,23,false,true
1,1200,1,No deadline,19-11-2020,MEDIUM,No notes,24,false,true
1,1300,1,No deadline,19-11-2020,MEDIUM,No notes,25,false,true
1,1400,1,No deadline,19-11-2020,MEDIUM,No notes,26,false,true
1,1500,1,No deadline,19-11-2020,MEDIUM,No notes,27,false,true
1,1600,1,No deadline,19-11-2020,MEDIUM,No notes,28,false,true
1,1700,1,No deadline,19-11-2020,MEDIUM,No notes,29,false,true
1,1800,1,No deadline,19-11-2020,MEDIUM,No notes,30,false,true
1,1900,1,No deadline,19-11-2020,MEDIUM,No notes,31,false,true
1,2000,1,No deadline,19-11-2020,MEDIUM,No notes,32,false,true
1,2100,1,No deadline,19-11-2020,MEDIUM,No notes,33,false,true
1,0800,1,No deadline,20-11-2020,MEDIUM,No notes,34,false,true
1,0900,1,No deadline,20-11-2020,MEDIUM,No notes,35,false,true
1,1000,1,No deadline,20-11-2020,MEDIUM,No notes,36,false,true
1,1100,1,No deadline,20-11-2020,MEDIUM,No notes,37,false,true
1,1200,1,No deadline,20-11-2020,MEDIUM,No notes,38,false,true
1,1300,1,No deadline,20-11-2020,MEDIUM,No notes,39,false,true
1,1400,1,No deadline,20-11-2020,MEDIUM,No notes,40,false,true
1,1500,1,No deadline,20-11-2020,MEDIUM,No notes,41,false,true
1,1600,1,No deadline,20-11-2020,MEDIUM,No notes,42,false,true
1,1700,1,No deadline,20-11-2020,MEDIUM,No notes,43,false,true
1,1800,1,No deadline,20-11-2020,MEDIUM,No notes,44,false,true
1,1900,1,No deadline,20-11-2020,MEDIUM,No notes,45,false,true
1,2000,1,No deadline,20-11-2020,MEDIUM,No notes,46,false,true
1,2100,1,No deadline,20-11-2020,MEDIUM,No notes,47,false,true
1,0800,1,No deadline,21-11-2020,MEDIUM,No notes,48,false,true
1,0900,1,No deadline,21-11-2020,MEDIUM,No notes,49,false,true
1,1000,1,No deadline,21-11-2020,MEDIUM,No notes,50,false,true
1,1100,1,No deadline,21-11-2020,MEDIUM,No notes,51,false,true
1,1200,1,No deadline,21-11-2020,MEDIUM,No notes,52,false,true
1,1300,1,No deadline,21-11-2020,MEDIUM,No notes,53,false,true
1,1400,1,No deadline,21-11-2020,MEDIUM,No notes,54,false,true
1,1500,1,No deadline,21-11-2020,MEDIUM,No notes,55,false,true
1,1600,1,No deadline,21-11-2020,MEDIUM,No notes,56,false,true
1,1800,1,No deadline,21-11-2020,MEDIUM,No notes,57,false,true
1,1900,1,No deadline,21-11-2020,MEDIUM,No notes,58,false,true
1,2000,1,No deadline,21-11-2020,MEDIUM,No notes,59,false,true
1,2100,1,No deadline,21-11-2020,MEDIUM,No notes,60,false,true
1,0800,1,No deadline,22-11-2020,MEDIUM,No notes,61,false,true
1,0900,1,No deadline,22-11-2020,MEDIUM,No notes,62,false,true
1,1000,1,No deadline,22-11-2020,MEDIUM,No notes,63,false,true
1,1100,1,No deadline,22-11-2020,MEDIUM,No notes,64,false,true
1,1200,1,No deadline,22-11-2020,MEDIUM,No notes,65,false,true
1,1300,1,No deadline,22-11-2020,MEDIUM,No notes,66,false,true
1,1400,1,No deadline,22-11-2020,MEDIUM,No notes,67,false,true
1,1500,1,No deadline,22-11-2020,MEDIUM,No notes,68,false,true
1,1600,1,No deadline,22-11-2020,MEDIUM,No notes,69,false,true
1,1700,1,No deadline,22-11-2020,MEDIUM,No notes,70,false,true
1,1800,1,No deadline,22-11-2020,MEDIUM,No notes,71,false,true
1,1900,1,No deadline,22-11-2020,MEDIUM,No notes,72,false,true
1,2000,1,No deadline,22-11-2020,MEDIUM,No notes,73,false,true
1,2100,1,No deadline,22-11-2020,MEDIUM,No notes,74,false,true
1,0800,1,No deadline,23-11-2020,MEDIUM,No notes,75,false,true
1,0900,1,No deadline,23-11-2020,MEDIUM,No notes,76,false,true
1,1000,1,No deadline,23-11-2020,MEDIUM,No notes,77,false,true
1,1100,1,No deadline,23-11-2020,MEDIUM,No notes,78,false,true
1,1200,1,No deadline,23-11-2020,MEDIUM,No notes,79,false,true
1,1300,1,No deadline,23-11-2020,MEDIUM,No notes,80,false,true
1,1400,1,No deadline,23-11-2020,MEDIUM,No notes,81,false,true
1,1500,1,No deadline,23-11-2020,MEDIUM,No notes,82,false,true
1,1600,1,No deadline,23-11-2020,MEDIUM,No notes,83,false,true
1,1700,1,No deadline,23-11-2020,MEDIUM,No notes,84,false,true
1,1800,1,No deadline,23-11-2020,MEDIUM,No notes,85,false,true
1,1900,1,No deadline,23-11-2020,MEDIUM,No notes,86,false,true
1,2000,1,No deadline,23-11-2020,MEDIUM,No notes,87,false,true
1,2100,1,No deadline,23-11-2020,MEDIUM,No notes,88,false,true
1,0800,1,No deadline,24-11-2020,MEDIUM,No notes,89,false,true
1,0900,1,No deadline,24-11-2020,MEDIUM,No notes,90,false,true
1,1000,1,No deadline,24-11-2020,MEDIUM,No notes,91,false,true
1,1100,1,No deadline,24-11-2020,MEDIUM,No notes,92,false,true
1,1200,1,No deadline,24-11-2020,MEDIUM,No notes,93,false,true
1,1300,1,No deadline,24-11-2020,MEDIUM,No notes,94,false,true
1,1400,1,No deadline,24-11-2020,MEDIUM,No notes,95,false,true
1,1500,1,No deadline,24-11-2020,MEDIUM,No notes,96,false,true
1,1600,1,No deadline,24-11-2020,MEDIUM,No notes,97,false,true
1,1700,1,No deadline,24-11-2020,MEDIUM,No notes,98,false,true
1,1800,1,No deadline,24-11-2020,MEDIUM,No notes,99,false,true
1,1900,1,No deadline,24-11-2020,MEDIUM,No notes,100,false,true
1,2000,1,No deadline,24-11-2020,MEDIUM,No notes,101,false,true
1,2100,1,No deadline,24-11-2020,MEDIUM,No notes,102,false,true
1,0800,1,No deadline,25-11-2020,MEDIUM,No notes,103,false,true
1,0900,1,No deadline,25-11-2020,MEDIUM,No notes,104,false,true
1,1000,1,No deadline,25-11-2020,MEDIUM,No notes,105,false,true
1,1100,1,No deadline,25-11-2020,MEDIUM,No notes,106,false,true
1,1200,1,No deadline,25-11-2020,MEDIUM,No notes,107,false,true
1,1300,1,No deadline,25-11-2020,MEDIUM,No notes,108,false,true
1,1400,1,No deadline,25-11-2020,MEDIUM,No notes,109,false,true
1,1500,1,No deadline,25-11-2020,MEDIUM,No notes,110,false,true
1,1600,1,No deadline,25-11-2020,MEDIUM,No notes,111,false,true
1,1700,1,No deadline,25-11-2020,MEDIUM,No notes,112,false,true
1,1800,1,No deadline,25-11-2020,MEDIUM,No notes,113,false,true
1,1900,1,No deadline,25-11-2020,MEDIUM,No notes,114,false,true
1,2000,1,No deadline,25-11-2020,MEDIUM,No notes,115,false,true
1,2100,1,No deadline,25-11-2020,MEDIUM,No notes,116,false,true
1,0800,1,No deadline,26-11-2020,MEDIUM,No notes,117,false,true
1,0900,1,No deadline,26-11-2020,MEDIUM,No notes,118,false,true
1,1000,1,No deadline,26-11-2020,MEDIUM,No notes,119,false,true
1,1100,1,No deadline,26-11-2020,MEDIUM,No notes,120,false,true
1,1200,1,No deadline,26-11-2020,MEDIUM,No notes,121,false,true
1,1300,1,No deadline,26-11-2020,MEDIUM,No notes,122,false,true
1,1700,1,No deadline,21-11-2020,MEDIUM,No notes,123,true,false
1,1400,1,No deadline,26-11-2020,MEDIUM,No notes,124,false,true
1,1500,1,No deadline,26-11-2020,MEDIUM,No notes,125,false,true
1,1600,1,No deadline,26-11-2020,MEDIUM,No notes,126,false,true
1,1700,1,No deadline,26-11-2020,MEDIUM,No notes,127,false,true
1,1800,1,No deadline,26-11-2020,MEDIUM,No notes,128,false,true
1,1900,1,No deadline,26-11-2020,MEDIUM,No notes,129,false,true
1,2000,1,No deadline,26-11-2020,MEDIUM,No notes,130,false,true
1,2100,1,No deadline,26-11-2020,MEDIUM,No notes,131,false,true
1,0800,1,No deadline,27-11-2020,MEDIUM,No notes,132,false,true
1,0900,1,No deadline,27-11-2020,MEDIUM,No notes,133,false,true
1,1000,1,No deadline,27-11-2020,MEDIUM,No notes,134,false,true
1,1100,1,No deadline,27-11-2020,MEDIUM,No notes,135,false,true
1,1200,1,No deadline,27-11-2020,MEDIUM,No notes,136,false,true
1,1300,1,No deadline,27-11-2020,MEDIUM,No notes,137,false,true
1,1400,1,No deadline,27-11-2020,MEDIUM,No notes,138,false,true
1,1500,1,No deadline,27-11-2020,MEDIUM,No notes,139,false,true
1,1700,1,No deadline,27-11-2020,MEDIUM,No notes,140,false,true
1,1800,1,No deadline,27-11-2020,MEDIUM,No notes,141,false,true
1,1900,1,No deadline,27-11-2020,MEDIUM,No notes,142,false,true
1,2000,1,No deadline,27-11-2020,MEDIUM,No notes,143,false,true
1,2100,1,No deadline,27-11-2020,MEDIUM,No notes,144,false,true
1,0800,1,No deadline,28-11-2020,MEDIUM,No notes,145,false,true
1,0900,1,No deadline,28-11-2020,MEDIUM,No notes,146,false,true
1,1000,1,No deadline,28-11-2020,MEDIUM,No notes,147,false,true
1,1100,1,No deadline,28-11-2020,MEDIUM,No notes,148,false,true
1,1200,1,No deadline,28-11-2020,MEDIUM,No notes,149,false,true
1,1300,1,No deadline,28-11-2020,MEDIUM,No notes,150,false,true
1,1400,1,No deadline,28-11-2020,MEDIUM,No notes,151,false,true
1,1500,1,No deadline,28-11-2020,MEDIUM,No notes,152,false,true
1,1600,1,No deadline,28-11-2020,MEDIUM,No notes,153,false,true
1,1700,1,No deadline,28-11-2020,MEDIUM,No notes,154,false,true
1,1800,1,No deadline,28-11-2020,MEDIUM,No notes,155,false,true
1,1900,1,No deadline,28-11-2020,MEDIUM,No notes,156,false,true
1,2000,1,No deadline,28-11-2020,MEDIUM,No notes,157,false,true
1,2100,1,No deadline,28-11-2020,MEDIUM,No notes,158,false,true
1,0800,1,No deadline,29-11-2020,MEDIUM,No notes,159,false,true
1,0900,1,No deadline,29-11-2020,MEDIUM,No notes,160,false,true
1,1000,1,No deadline,29-11-2020,MEDIUM,No notes,161,false,true
1,1100,1,No deadline,29-11-2020,MEDIUM,No notes,162,false,true
1,1200,1,No deadline,29-11-2020,MEDIUM,No notes,163,false,true
1,1300,1,No deadline,29-11-2020,MEDIUM,No notes,164,false,true
1,1400,1,No deadline,29-11-2020,MEDIUM,No notes,165,false,true
1,1500,1,No deadline,29-11-2020,MEDIUM,No notes,166,false,true
1,1600,1,No deadline,29-11-2020,MEDIUM,No notes,167,false,true
1,1700,1,No deadline,29-11-2020,MEDIUM,No notes,168,false,true
1,1800,1,No deadline,29-11-2020,MEDIUM,No notes,169,false,true
1,1900,1,No deadline,29-11-2020,MEDIUM,No notes,170,false,true
1,2000,1,No deadline,29-11-2020,MEDIUM,No notes,171,false,true
1,2100,1,No deadline,29-11-2020,MEDIUM,No notes,172,false,true
1,0800,1,No deadline,30-11-2020,MEDIUM,No notes,173,false,true
1,0900,1,No deadline,30-11-2020,MEDIUM,No notes,174,false,true
1,1000,1,No deadline,30-11-2020,MEDIUM,No notes,175,false,true
1,1100,1,No deadline,30-11-2020,MEDIUM,No notes,176,false,true
1,1200,1,No deadline,30-11-2020,MEDIUM,No notes,177,false,true
1,1300,1,No deadline,30-11-2020,MEDIUM,No notes,178,false,true
1,1400,1,No deadline,30-11-2020,MEDIUM,No notes,179,false,true
1,1500,1,No deadline,30-11-2020,MEDIUM,No notes,180,false,true
1,1600,1,No deadline,30-11-2020,MEDIUM,No notes,181,false,true
1,1700,1,No deadline,30-11-2020,MEDIUM,No notes,182,false,true
1,1800,1,No deadline,30-11-2020,MEDIUM,No notes,183,false,true
1,1900,1,No deadline,30-11-2020,MEDIUM,No notes,184,false,true
1,2000,1,No deadline,30-11-2020,MEDIUM,No notes,185,false,true
1,2100,1,No deadline,30-11-2020,MEDIUM,No notes,186,false,true
1,0800,1,No deadline,01-12-2020,MEDIUM,No notes,187,false,true
1,0900,1,No deadline,01-12-2020,MEDIUM,No notes,188,false,true
1,1000,1,No deadline,01-12-2020,MEDIUM,No notes,189,false,true
1,1100,1,No deadline,01-12-2020,MEDIUM,No notes,190,false,true
1,1200,1,No deadline,01-12-2020,MEDIUM,No notes,191,false,true
1,1300,1,No deadline,01-12-2020,MEDIUM,No notes,192,false,true
1,1400,1,No deadline,01-12-2020,MEDIUM,No notes,193,false,true
1,1500,1,No deadline,01-12-2020,MEDIUM,No notes,194,false,true
1,1600,1,No deadline,01-12-2020,MEDIUM,No notes,195,false,true
1,1700,1,No deadline,01-12-2020,MEDIUM,No notes,196,false,true
1,1800,1,No deadline,01-12-2020,MEDIUM,No notes,197,false,true
1,1900,1,No deadline,01-12-2020,MEDIUM,No notes,198,false,true
1,2000,1,No deadline,01-12-2020,MEDIUM,No notes,199,false,true
1,2100,1,No deadline,01-12-2020,MEDIUM,No notes,200,false,true
1,0800,1,No deadline,02-12-2020,MEDIUM,No notes,201,false,true
1,0900,1,No deadline,02-12-2020,MEDIUM,No notes,202,false,true
1,1000,1,No deadline,02-12-2020,MEDIUM,No notes,203,false,true
1,1100,1,No deadline,02-12-2020,MEDIUM,No notes,204,false,true
1,1200,1,No deadline,02-12-2020,MEDIUM,No notes,205,false,true
 1 1 1  1 1,1600,1,No deadline,27-11-2020,MEDIUM,No notes,206,true,false
